{
  "image_quality": {
    "psnr_db": 13.7579,
    "ssim": 0.308125,
    "interpretation": "Attack image should have low PSNR/SSIM vs original, confirming semantically incoherent reconstruction."
  },
  "watermark_traceability": {
    "bit_acc_from_image_reencode": 1.0,
    "bit_acc_from_direct_latent": 1.0,
    "bit_acc_original_image": 1.0,
    "random_baseline": 0.5,
    "defence_claim_threshold": 0.9,
    "traceability_passed": true
  },
  "watermark_bits": 64,
  "w_hat_sample_image": [
    5.1870883414011845e-28,
    5.662085739892756e-28,
    1.0,
    8.899185901523905e-28,
    1.0,
    9.995133447482545e-28,
    1.0,
    1.6837321205218913e-27,
    2.4253882902129775e-27,
    1.0,
    1.2422737327503546e-27,
    3.938506321414487e-27,
    6.341235082866776e-28,
    1.4732232590720027e-27,
    6.097934278922281e-28,
    1.0,
    1.7783212808455538e-27,
    8.797285911131349e-28,
    1.0,
    1.3606700834885654e-27,
    1.0,
    1.0,
    1.0,
    1.759213166902316e-27,
    1.0,
    1.0,
    1.0,
    1.0,
    9.643112935212418e-28,
    1.0,
    6.551794114791716e-28,
    1.0,
    6.111790863389661e-28,
    1.0176108269531753e-27,
    1.0,
    7.169981515753562e-28,
    2.7615774657472468e-27,
    1.2164395973658358e-27,
    1.7989680202213627e-27,
    1.0,
    3.7220789328007504e-28,
    1.0,
    1.7515860991365535e-27,
    1.4356198620938308e-27,
    1.5069922258273968e-27,
    1.0,
    9.528295732682857e-28,
    6.909943899109855e-28,
    1.5710402779824582e-27,
    1.0,
    1.0,
    1.0,
    1.0,
    1.3162032499675808e-27,
    6.477167218341627e-28,
    1.3331057889385064e-27,
    5.9237281376626225e-28,
    1.0,
    7.558031362458313e-28,
    1.0,
    5.762890357629442e-28,
    1.0,
    7.321336401926569e-27,
    1.0
  ],
  "w_star_sample": [
    0.0,
    0.0,
    1.0,
    0.0,
    1.0,
    0.0,
    1.0,
    0.0,
    0.0,
    1.0,
    0.0,
    0.0,
    0.0,
    0.0,
    0.0,
    1.0,
    0.0,
    0.0,
    1.0,
    0.0,
    1.0,
    1.0,
    1.0,
    0.0,
    1.0,
    1.0,
    1.0,
    1.0,
    0.0,
    1.0,
    0.0,
    1.0,
    0.0,
    0.0,
    1.0,
    0.0,
    0.0,
    0.0,
    0.0,
    1.0,
    0.0,
    1.0,
    0.0,
    0.0,
    0.0,
    1.0,
    0.0,
    0.0,
    0.0,
    1.0,
    1.0,
    1.0,
    1.0,
    0.0,
    0.0,
    0.0,
    0.0,
    1.0,
    0.0,
    1.0,
    0.0,
    1.0,
    0.0,
    1.0
  ]
}